,airline,airline_id,source,source_id,dest,dest_id,equipment
996,4B,20565,LAS,3877,LAX,3484,PL2
997,4B,20565,LAX,3484,LAS,3877,PL2
4793,AA,24,BOS,3448,DCA,3520,319 E90
4795,AA,24,BOS,3448,JFK,3797,738
4796,AA,24,BOS,3448,LAX,3484,738 757
4797,AA,24,BOS,3448,LGA,3697,E90 319
4801,AA,24,BOS,3448,MIA,3576,757 738
4803,AA,24,BOS,3448,ORD,3830,738
4811,AA,24,BOS,3448,SEA,3577,737
5081,AA,24,DCA,3520,BOS,3448,319 E90
5108,AA,24,DCA,3520,JFK,3797,738
5109,AA,24,DCA,3520,LAS,3877,319
5110,AA,24,DCA,3520,LAX,3484,738
5111,AA,24,DCA,3520,LGA,3697,319 E90
5117,AA,24,DCA,3520,MIA,3576,738
5118,AA,24,DCA,3520,MSP,3858,E70 E75
5124,AA,24,DCA,3520,ORD,3830,738 M83 M80
5153,AA,24,DEN,3751,LAX,3484,CR7
5155,AA,24,DEN,3751,MIA,3576,738
5156,AA,24,DEN,3751,ORD,3830,M80 M83
5159,AA,24,DEN,3751,SEA,3577,737
5546,AA,24,IAD,3714,LAX,3484,738
5548,AA,24,IAD,3714,MIA,3576,738
5598,AA,24,JFK,3797,BOS,3448,738
5607,AA,24,JFK,3797,DCA,3520,738
5620,AA,24,JFK,3797,LAS,3877,738
5621,AA,24,JFK,3797,LAX,3484,32B 762
5628,AA,24,JFK,3797,MIA,3576,757 763 738
5631,AA,24,JFK,3797,ORD,3830,738
5640,AA,24,JFK,3797,SEA,3577,738
5641,AA,24,JFK,3797,SFO,3469,32B 763
5675,AA,24,LAS,3877,DCA,3520,320 319
5677,AA,24,LAS,3877,JFK,3797,738
5678,AA,24,LAS,3877,LAX,3484,738
5681,AA,24,LAS,3877,MIA,3576,757 738
5682,AA,24,LAS,3877,ORD,3830,M83 738
5696,AA,24,LAX,3484,BOS,3448,757 738
5699,AA,24,LAX,3484,DCA,3520,738
5700,AA,24,LAX,3484,DEN,3751,CR7
5710,AA,24,LAX,3484,IAD,3714,738
5713,AA,24,LAX,3484,JFK,3797,32B 762
5715,AA,24,LAX,3484,LAS,3877,738
5724,AA,24,LAX,3484,MIA,3576,757 777 763 738
5731,AA,24,LAX,3484,ORD,3830,738
5744,AA,24,LAX,3484,SEA,3577,737
5745,AA,24,LAX,3484,SFO,3469,738
5768,AA,24,LGA,3697,BOS,3448,319 E90
5773,AA,24,LGA,3697,DCA,3520,319 E90
5779,AA,24,LGA,3697,MIA,3576,738
5780,AA,24,LGA,3697,ORD,3830,738
6012,AA,24,MIA,3576,BOS,3448,757 738
6029,AA,24,MIA,3576,DCA,3520,738
6030,AA,24,MIA,3576,DEN,3751,738
6049,AA,24,MIA,3576,IAD,3714,738
6053,AA,24,MIA,3576,JFK,3797,763 757 738
6055,AA,24,MIA,3576,LAS,3877,738 757
6056,AA,24,MIA,3576,LAX,3484,777 763 757 738
6057,AA,24,MIA,3576,LGA,3697,738
6073,AA,24,MIA,3576,MSP,3858,738
6078,AA,24,MIA,3576,ORD,3830,738 763
6101,AA,24,MIA,3576,SEA,3577,757
6102,AA,24,MIA,3576,SFO,3469,763 757 738
6141,AA,24,MSP,3858,DCA,3520,E75 E70
6143,AA,24,MSP,3858,MIA,3576,738
6144,AA,24,MSP,3858,ORD,3830,E75 CR7
6237,AA,24,ORD,3830,BOS,3448,738
6254,AA,24,ORD,3830,DCA,3520,738 M83 M80
6255,AA,24,ORD,3830,DEN,3751,M80 M83
6280,AA,24,ORD,3830,JFK,3797,738
6281,AA,24,ORD,3830,LAS,3877,M83 738
6282,AA,24,ORD,3830,LAX,3484,738
6284,AA,24,ORD,3830,LGA,3697,738
6297,AA,24,ORD,3830,MIA,3576,738 763
6302,AA,24,ORD,3830,MSP,3858,E75 CR7
6326,AA,24,ORD,3830,SEA,3577,738
6327,AA,24,ORD,3830,SFO,3469,738
6741,AA,24,SEA,3577,BOS,3448,737
6744,AA,24,SEA,3577,DEN,3751,737
6747,AA,24,SEA,3577,JFK,3797,738
6749,AA,24,SEA,3577,LAX,3484,737
6754,AA,24,SEA,3577,MIA,3576,757
6757,AA,24,SEA,3577,ORD,3830,738
6762,AA,24,SEA,3577,SFO,3469,737
6772,AA,24,SFO,3469,JFK,3797,763 32B
6773,AA,24,SFO,3469,LAX,3484,738
6775,AA,24,SFO,3469,MIA,3576,757 763 738
6776,AA,24,SFO,3469,ORD,3830,738
6782,AA,24,SFO,3469,SEA,3577,737
9622,AF,137,LAX,3484,MSP,3858,757
9764,AF,137,MSP,3858,LAX,3484,757
9767,AF,137,MSP,3858,SEA,3577,753
9768,AF,137,MSP,3858,SFO,3469,753
11598,AS,439,BOS,3448,LAX,3484,738 757
11603,AS,439,BOS,3448,SEA,3577,73J 73H
11617,AS,439,DCA,3520,LAX,3484,73H
11619,AS,439,DCA,3520,SEA,3577,73H
11620,AS,439,DEN,3751,LAX,3484,CR7
11621,AS,439,DEN,3751,SEA,3577,739 73G 73H
11671,AS,439,JFK,3797,LAX,3484,321 762
11673,AS,439,JFK,3797,SEA,3577,738
11674,AS,439,JFK,3797,SFO,3469,321 763
11693,AS,439,LAS,3877,SEA,3577,73G 73H 739 73J
11700,AS,439,LAX,3484,BOS,3448,757 738
11702,AS,439,LAX,3484,DCA,3520,73H
11703,AS,439,LAX,3484,DEN,3751,CR7
11711,AS,439,LAX,3484,JFK,3797,321 762
11718,AS,439,LAX,3484,MIA,3576,757 777 763 738
11725,AS,439,LAX,3484,ORD,3830,738
11734,AS,439,LAX,3484,SEA,3577,73H 734 739 73J 73G
11735,AS,439,LAX,3484,SFO,3469,738
11767,AS,439,MIA,3576,LAX,3484,777 763 757 738
11768,AS,439,MIA,3576,SFO,3469,763 757 738
11774,AS,439,MSP,3858,LAX,3484,753 757
11776,AS,439,MSP,3858,SEA,3577,739 73G 73J
11801,AS,439,ORD,3830,LAX,3484,738
11805,AS,439,ORD,3830,SEA,3577,73H 739 73J
11806,AS,439,ORD,3830,SFO,3469,738
11916,AS,439,SEA,3577,BOS,3448,73H 73J
11920,AS,439,SEA,3577,DCA,3520,73H
11921,AS,439,SEA,3577,DEN,3751,73G 73H 739
11934,AS,439,SEA,3577,JFK,3797,738
11938,AS,439,SEA,3577,LAS,3877,73H 739 73G 73J
11939,AS,439,SEA,3577,LAX,3484,73J 739 73G 734 73H
11947,AS,439,SEA,3577,MSP,3858,739 73G 73J
11952,AS,439,SEA,3577,ORD,3830,739 73J 73H
11964,AS,439,SEA,3577,SFO,3469,73J 734 73G 73H 739
11979,AS,439,SFO,3469,JFK,3797,763 321
11980,AS,439,SFO,3469,LAX,3484,738
11981,AS,439,SFO,3469,MIA,3576,757 763 738
11982,AS,439,SFO,3469,ORD,3830,738
11986,AS,439,SFO,3469,SEA,3577,73H 734 73G 73J 739
13920,B6,3029,BOS,3448,DCA,3520,320 E90
13921,B6,3029,BOS,3448,DEN,3751,320
13928,B6,3029,BOS,3448,IAD,3714,E90
13930,B6,3029,BOS,3448,JFK,3797,320 E90
13931,B6,3029,BOS,3448,LAS,3877,320
13932,B6,3029,BOS,3448,LAX,3484,320
13937,B6,3029,BOS,3448,ORD,3830,320 E90
13951,B6,3029,BOS,3448,SEA,3577,320
13952,B6,3029,BOS,3448,SFO,3469,320
13976,B6,3029,DCA,3520,BOS,3448,E90 320
13981,B6,3029,DEN,3751,BOS,3448,320
13982,B6,3029,DEN,3751,JFK,3797,320
14039,B6,3029,IAD,3714,BOS,3448,E90
14041,B6,3029,IAD,3714,JFK,3797,E90
14053,B6,3029,JFK,3797,BOS,3448,E90 320
14062,B6,3029,JFK,3797,DEN,3751,320
14067,B6,3029,JFK,3797,IAD,3714,E90
14071,B6,3029,JFK,3797,LAS,3877,320
14072,B6,3029,JFK,3797,LAX,3484,320
14082,B6,3029,JFK,3797,ORD,3830,320 E90
14099,B6,3029,JFK,3797,SEA,3577,320
14100,B6,3029,JFK,3797,SFO,3469,320
14114,B6,3029,LAS,3877,BOS,3448,320
14115,B6,3029,LAS,3877,JFK,3797,320
14117,B6,3029,LAX,3484,BOS,3448,320
14120,B6,3029,LAX,3484,JFK,3797,320
14178,B6,3029,ORD,3830,BOS,3448,320 E90
14179,B6,3029,ORD,3830,JFK,3797,E90 320
14234,B6,3029,SEA,3577,BOS,3448,320
14236,B6,3029,SEA,3577,JFK,3797,320
14239,B6,3029,SFO,3469,BOS,3448,320
14242,B6,3029,SFO,3469,JFK,3797,320
20345,DL,2009,BOS,3448,JFK,3797,752 CR7 M88
20346,DL,2009,BOS,3448,LAS,3877,73H
20347,DL,2009,BOS,3448,LAX,3484,73H
20348,DL,2009,BOS,3448,LGA,3697,E75
20351,DL,2009,BOS,3448,MSP,3858,738 319 757 M90 320
20532,DL,2009,DCA,3520,JFK,3797,CR9
20533,DL,2009,DCA,3520,LAX,3484,73H
20535,DL,2009,DCA,3520,LGA,3697,E70 E75
20538,DL,2009,DCA,3520,MSP,3858,M90 M88 319 738 320
20544,DL,2009,DEN,3751,JFK,3797,73H
20545,DL,2009,DEN,3751,LGA,3697,320
20547,DL,2009,DEN,3751,MSP,3858,M90 320 738 757
20854,DL,2009,IAD,3714,JFK,3797,ERJ CR7
20857,DL,2009,IAD,3714,MSP,3858,CR9 CR7
20926,DL,2009,JFK,3797,BOS,3448,CR9 752 CR7
20937,DL,2009,JFK,3797,DCA,3520,CR9
20938,DL,2009,JFK,3797,DEN,3751,73H
20949,DL,2009,JFK,3797,IAD,3714,CR7 ERJ CRJ
20953,DL,2009,JFK,3797,LAS,3877,73H 738 757
20954,DL,2009,JFK,3797,LAX,3484,76W 752
20961,DL,2009,JFK,3797,MIA,3576,73H M88 738 319
20962,DL,2009,JFK,3797,MSP,3858,CR9 319 M88
20968,DL,2009,JFK,3797,ORD,3830,CR9
20986,DL,2009,JFK,3797,SEA,3577,752 757
20987,DL,2009,JFK,3797,SFO,3469,752
21017,DL,2009,LAS,3877,BOS,3448,73H
21021,DL,2009,LAS,3877,JFK,3797,738 757 73H
21022,DL,2009,LAS,3877,LAX,3484,319
21028,DL,2009,LAS,3877,MSP,3858,757 M90 738 739
21031,DL,2009,LAS,3877,SEA,3577,CR9
21041,DL,2009,LAX,3484,BOS,3448,73H
21048,DL,2009,LAX,3484,DCA,3520,73H
21059,DL,2009,LAX,3484,JFK,3797,76W 752
21061,DL,2009,LAX,3484,LAS,3877,319
21070,DL,2009,LAX,3484,MIA,3576,738
21071,DL,2009,LAX,3484,MSP,3858,757 753 739 763 738
21083,DL,2009,LAX,3484,SEA,3577,73H
21084,DL,2009,LAX,3484,SFO,3469,E75
21106,DL,2009,LGA,3697,BOS,3448,E75
21117,DL,2009,LGA,3697,DCA,3520,E70 E75
21118,DL,2009,LGA,3697,DEN,3751,320
21136,DL,2009,LGA,3697,MIA,3576,M88 320 738
21139,DL,2009,LGA,3697,MSP,3858,319 320 M88
21143,DL,2009,LGA,3697,ORD,3830,E75 E70
21250,DL,2009,MDW,3747,MSP,3858,E75 E70 CR7 CR9
21299,DL,2009,MIA,3576,JFK,3797,M88 73H 738 319
21300,DL,2009,MIA,3576,LAX,3484,738
21301,DL,2009,MIA,3576,LGA,3697,320 M88 738
21305,DL,2009,MIA,3576,MSP,3858,320 M90
21355,DL,2009,MSP,3858,BOS,3448,757 738 73H 320 319 M88
21369,DL,2009,MSP,3858,DCA,3520,M88 M90 319 738 320
21370,DL,2009,MSP,3858,DEN,3751,M90 320
21390,DL,2009,MSP,3858,IAD,3714,CR9 CR7
21398,DL,2009,MSP,3858,JFK,3797,319 M88
21400,DL,2009,MSP,3858,LAS,3877,M90 757 320 738
21401,DL,2009,MSP,3858,LAX,3484,738 763 753 757 739 320
21403,DL,2009,MSP,3858,LGA,3697,M88 319 320 738
21410,DL,2009,MSP,3858,MDW,3747,E75 E70 CR7 CR9
21412,DL,2009,MSP,3858,MIA,3576,320 M90
21422,DL,2009,MSP,3858,ORD,3830,M90 M88 320 319
21442,DL,2009,MSP,3858,SEA,3577,738 739 757 753 763
21443,DL,2009,MSP,3858,SFO,3469,320 753 M90 757 738
21540,DL,2009,ORD,3830,JFK,3797,CR9
21541,DL,2009,ORD,3830,LGA,3697,E75 E70
21545,DL,2009,ORD,3830,MSP,3858,M88 M90 320 319
21734,DL,2009,SEA,3577,JFK,3797,752 757
21735,DL,2009,SEA,3577,LAS,3877,CR9
21736,DL,2009,SEA,3577,LAX,3484,73H
21738,DL,2009,SEA,3577,MSP,3858,763 73H 753 738 757
21743,DL,2009,SEA,3577,SFO,3469,E75 734
21753,DL,2009,SFO,3469,JFK,3797,752
21754,DL,2009,SFO,3469,LAX,3484,E75
21757,DL,2009,SFO,3469,MSP,3858,M90 753 320 757 738
21760,DL,2009,SFO,3469,SEA,3577,E75 734
24195,EY,2222,JFK,3797,LAS,3877,738
24204,EY,2222,LAS,3877,JFK,3797,767 757
24347,F9,2468,DCA,3520,DEN,3751,320 319
24365,F9,2468,DEN,3751,DCA,3520,320 319
24380,F9,2468,DEN,3751,LAS,3877,320 319
24381,F9,2468,DEN,3751,LAX,3484,319 320
24382,F9,2468,DEN,3751,LGA,3697,320
24388,F9,2468,DEN,3751,MDW,3747,319
24393,F9,2468,DEN,3751,MSP,3858,319 320
24406,F9,2468,DEN,3751,SEA,3577,319 320
24407,F9,2468,DEN,3751,SFO,3469,320 319
24442,F9,2468,LAS,3877,DEN,3751,319 320
24443,F9,2468,LAX,3484,DEN,3751,320 319
24447,F9,2468,LGA,3697,DEN,3751,320
24461,F9,2468,MDW,3747,DEN,3751,319
24468,F9,2468,MSP,3858,DEN,3751,319 320
24503,F9,2468,SEA,3577,DEN,3751,320 319
24504,F9,2468,SFO,3469,DEN,3751,320 319
24936,FL,1316,BOS,3448,MDW,3747,73W
25024,FL,1316,DAL,3502,SEA,3577,73W
25025,FL,1316,DAL,3502,SFO,3469,73W
25043,FL,1316,DEN,3751,LAS,3877,73C 73W 73H
25044,FL,1316,DEN,3751,LAX,3484,73W 73C
25047,FL,1316,DEN,3751,MDW,3747,73W
25049,FL,1316,DEN,3751,MSP,3858,73W 73H
25122,FL,1316,IAD,3714,DEN,3751,73W
25123,FL,1316,IAD,3714,MDW,3747,73W
25147,FL,1316,LAS,3877,DEN,3751,73C 73W
25150,FL,1316,LAS,3877,LAX,3484,73W
25151,FL,1316,LAS,3877,MDW,3747,73H 73W
25160,FL,1316,LAS,3877,SEA,3577,73C
25167,FL,1316,LAX,3484,DEN,3751,73W
25169,FL,1316,LAX,3484,LAS,3877,73W
25170,FL,1316,LAX,3484,MDW,3747,73H 738
25180,FL,1316,LGA,3697,MDW,3747,73H 73W
25247,FL,1316,MDW,3747,BOS,3448,73W
25255,FL,1316,MDW,3747,DEN,3751,73W
25261,FL,1316,MDW,3747,IAD,3714,73W
25264,FL,1316,MDW,3747,LAS,3877,73W 738
25265,FL,1316,MDW,3747,LAX,3484,73W 73H
25266,FL,1316,MDW,3747,LGA,3697,73W
25273,FL,1316,MDW,3747,MSP,3858,73W
25292,FL,1316,MDW,3747,SEA,3577,73W 73H
25293,FL,1316,MDW,3747,SFO,3469,73W
25333,FL,1316,MSP,3858,DEN,3751,73C
25336,FL,1316,MSP,3858,MDW,3747,73W 73H
25470,FL,1316,SEA,3577,DEN,3751,73W
25471,FL,1316,SEA,3577,LAS,3877,73W
25472,FL,1316,SEA,3577,MDW,3747,73W 73H
25480,FL,1316,SFO,3469,DEN,3751,73W
25481,FL,1316,SFO,3469,MDW,3747,73W
30655,HA,2688,JFK,3797,LAS,3877,320
30660,HA,2688,LAS,3877,JFK,3797,320
30661,HA,2688,LAS,3877,SFO,3469,320
30688,HA,2688,SFO,3469,LAS,3877,320
36738,KL,3090,LAX,3484,MSP,3858,757 753
36803,KL,3090,MSP,3858,LAX,3484,757
36806,KL,3090,MSP,3858,SEA,3577,757
36807,KL,3090,MSP,3858,SFO,3469,757
36898,KL,3090,SFO,3469,SEA,3577,734
43345,NK,4687,BOS,3448,ORD,3830,319
43361,NK,4687,DEN,3751,LAS,3877,319
43362,NK,4687,DEN,3751,MSP,3858,319
43363,NK,4687,DEN,3751,ORD,3830,320
43454,NK,4687,LAS,3877,DEN,3751,319
43459,NK,4687,LAS,3877,LAX,3484,319
43460,NK,4687,LAS,3877,MSP,3858,320
43462,NK,4687,LAS,3877,ORD,3830,319 320
43470,NK,4687,LAX,3484,LAS,3877,319
43471,NK,4687,LAX,3484,MSP,3858,319
43472,NK,4687,LAX,3484,ORD,3830,319
43480,NK,4687,LGA,3697,ORD,3830,320
43494,NK,4687,MSP,3858,DEN,3751,319
43497,NK,4687,MSP,3858,LAS,3877,320
43498,NK,4687,MSP,3858,LAX,3484,319
43499,NK,4687,MSP,3858,ORD,3830,320 319
43518,NK,4687,ORD,3830,BOS,3448,319
43519,NK,4687,ORD,3830,DEN,3751,320
43523,NK,4687,ORD,3830,LAS,3877,320 319
43524,NK,4687,ORD,3830,LAX,3484,319
43525,NK,4687,ORD,3830,LGA,3697,320
43527,NK,4687,ORD,3830,MSP,3858,319 320
46945,QF,4089,JFK,3797,LAX,3484,744
46964,QF,4089,LAX,3484,JFK,3797,744
47488,QR,4091,JFK,3797,LAS,3877,738
47491,QR,4091,JFK,3797,ORD,3830,738
47506,QR,4091,LAS,3877,JFK,3797,757
47533,QR,4091,ORD,3830,JFK,3797,738
50489,SQ,4435,LAX,3484,ORD,3830,320
51666,SY,4356,BOS,3448,MSP,3858,738 73G
51670,SY,4356,DCA,3520,MSP,3858,73G
51673,SY,4356,JFK,3797,MSP,3858,73G 738
51676,SY,4356,LAS,3877,MSP,3858,738
51677,SY,4356,LAX,3484,MSP,3858,73G 738
51679,SY,4356,MDW,3747,MSP,3858,73G 738
51680,SY,4356,MSP,3858,BOS,3448,738 73G
51682,SY,4356,MSP,3858,DCA,3520,73G
51684,SY,4356,MSP,3858,JFK,3797,73G 738
51686,SY,4356,MSP,3858,LAS,3877,738
51687,SY,4356,MSP,3858,LAX,3484,73G 738
51689,SY,4356,MSP,3858,MDW,3747,73G 738
51695,SY,4356,MSP,3858,SEA,3577,73G 738
51696,SY,4356,MSP,3858,SFO,3469,73G 738
51702,SY,4356,SEA,3577,MSP,3858,73G 738
51703,SY,4356,SFO,3469,MSP,3858,73G 738
55878,UA,5209,BOS,3448,DEN,3751,739 320 738
55882,UA,5209,BOS,3448,IAD,3714,320 319 739 738 752 73G
55884,UA,5209,BOS,3448,LAX,3484,752
55886,UA,5209,BOS,3448,ORD,3830,739 752 738 73G 319 320 753
55888,UA,5209,BOS,3448,SFO,3469,752 753 739 738 73G
56070,UA,5209,DCA,3520,DEN,3751,738 752 320
56073,UA,5209,DCA,3520,ORD,3830,738 320 73G 319
56074,UA,5209,DCA,3520,SFO,3469,738 73G
56092,UA,5209,DEN,3751,BOS,3448,739 752 738 320
56106,UA,5209,DEN,3751,DCA,3520,738 752 320
56133,UA,5209,DEN,3751,IAD,3714,320 752 319 739 738
56142,UA,5209,DEN,3751,LAS,3877,738 320 739 752
56143,UA,5209,DEN,3751,LAX,3484,739 320 319 738 753 752
56145,UA,5209,DEN,3751,LGA,3697,752 738 320
56155,UA,5209,DEN,3751,MIA,3576,319
56162,UA,5209,DEN,3751,MSP,3858,320
56170,UA,5209,DEN,3751,ORD,3830,739 752 738 319 320 73G
56191,UA,5209,DEN,3751,SEA,3577,320 738 739
56192,UA,5209,DEN,3751,SFO,3469,752 738 320 739 73G 319 753
56605,UA,5209,IAD,3714,BOS,3448,320 752 73G 739 738
56621,UA,5209,IAD,3714,DEN,3751,739 752 319 738 320 753
56644,UA,5209,IAD,3714,JFK,3797,CRJ
56647,UA,5209,IAD,3714,LAS,3877,320 752
56648,UA,5209,IAD,3714,LAX,3484,753 320 319 752 739 738
56649,UA,5209,IAD,3714,LGA,3697,CRJ ERJ E70 CR7
56659,UA,5209,IAD,3714,MIA,3576,319
56660,UA,5209,IAD,3714,MSP,3858,CR7
56666,UA,5209,IAD,3714,ORD,3830,319 320 752 753 739 738
56686,UA,5209,IAD,3714,SEA,3577,739 752 320
56687,UA,5209,IAD,3714,SFO,3469,752 320 753 738 739 319
56905,UA,5209,JFK,3797,IAD,3714,CRJ
56908,UA,5209,JFK,3797,LAX,3484,757
56914,UA,5209,JFK,3797,SFO,3469,757
56941,UA,5209,LAS,3877,DEN,3751,320 752 319 738 739
56944,UA,5209,LAS,3877,IAD,3714,320 752 739
56946,UA,5209,LAS,3877,LAX,3484,752 738 319 320 739
56947,UA,5209,LAS,3877,ORD,3830,73G 738 739 320 752 319
56950,UA,5209,LAS,3877,SFO,3469,739 738 320 752 319 753
56958,UA,5209,LAX,3484,BOS,3448,752 753 320 739
56964,UA,5209,LAX,3484,DEN,3751,752 739 738 320 753 319
56973,UA,5209,LAX,3484,IAD,3714,753 320 752 739 738
56979,UA,5209,LAX,3484,JFK,3797,757
56981,UA,5209,LAX,3484,LAS,3877,739 319 738 320 752
56987,UA,5209,LAX,3484,MSP,3858,CR7
56993,UA,5209,LAX,3484,ORD,3830,739 738 752 320 319 753
57008,UA,5209,LAX,3484,SEA,3577,319 738 320 752
57009,UA,5209,LAX,3484,SFO,3469,739 752 753 319 320 738
57034,UA,5209,LGA,3697,DEN,3751,752 320 738
57035,UA,5209,LGA,3697,IAD,3714,CRJ ERJ E70 CR7
57037,UA,5209,LGA,3697,ORD,3830,319 320 738 73G 752
57136,UA,5209,MIA,3576,DEN,3751,319
57140,UA,5209,MIA,3576,IAD,3714,319
57145,UA,5209,MIA,3576,ORD,3830,CR7
57175,UA,5209,MSP,3858,DEN,3751,320
57177,UA,5209,MSP,3858,IAD,3714,CR7 ERJ
57179,UA,5209,MSP,3858,LAX,3484,CR7
57180,UA,5209,MSP,3858,ORD,3830,73G 738 319
57181,UA,5209,MSP,3858,SFO,3469,320 739 319
57266,UA,5209,ORD,3830,BOS,3448,320 752 739 738 73G 319
57287,UA,5209,ORD,3830,DCA,3520,320 319 738 73G 752
57288,UA,5209,ORD,3830,DEN,3751,752 738 320 739 73G 753 319
57313,UA,5209,ORD,3830,IAD,3714,777 320 752 739 73G 753 319
57320,UA,5209,ORD,3830,LAS,3877,738 752 320 319 73G 739 753
57321,UA,5209,ORD,3830,LAX,3484,738 753 320 739 752 319
57323,UA,5209,ORD,3830,LGA,3697,738 320 319 752 73G
57334,UA,5209,ORD,3830,MIA,3576,CR7
57340,UA,5209,ORD,3830,MSP,3858,73G 738 319 320
57377,UA,5209,ORD,3830,SEA,3577,320 752 738 739
57378,UA,5209,ORD,3830,SFO,3469,752 739 320 738 753 319 777
57613,UA,5209,SEA,3577,DEN,3751,738 320 739 752 753 319
57616,UA,5209,SEA,3577,IAD,3714,752 320 739 738
57619,UA,5209,SEA,3577,LAX,3484,739 320
57621,UA,5209,SEA,3577,ORD,3830,738 320 739 752 319
57623,UA,5209,SEA,3577,SFO,3469,319 739 320 738 752
57632,UA,5209,SFO,3469,BOS,3448,752 753 738 739 319 320
57641,UA,5209,SFO,3469,DCA,3520,738 73G
57642,UA,5209,SFO,3469,DEN,3751,752 739 738 320 319
57652,UA,5209,SFO,3469,IAD,3714,753 752 738 739 320 319
57656,UA,5209,SFO,3469,JFK,3797,757
57659,UA,5209,SFO,3469,LAS,3877,752 738 739 320 319
57660,UA,5209,SFO,3469,LAX,3484,319 320 752 738 753 739
57670,UA,5209,SFO,3469,MSP,3858,320 739 319
57677,UA,5209,SFO,3469,ORD,3830,738 739 752 320 753 319 777 73G
57697,UA,5209,SFO,3469,SEA,3577,319 738 739 320 752 753
58670,US,5265,BOS,3448,DCA,3520,319 E90
58672,US,5265,BOS,3448,JFK,3797,738
58673,US,5265,BOS,3448,LAX,3484,738 757
58674,US,5265,BOS,3448,LGA,3697,E90 319
58676,US,5265,BOS,3448,MIA,3576,757 738
58677,US,5265,BOS,3448,ORD,3830,738
58937,US,5265,DCA,3520,BOS,3448,319 E90
58964,US,5265,DCA,3520,JFK,3797,738
58965,US,5265,DCA,3520,LAS,3877,319
58966,US,5265,DCA,3520,LAX,3484,738
58967,US,5265,DCA,3520,LGA,3697,319 E90
58973,US,5265,DCA,3520,MIA,3576,738
58974,US,5265,DCA,3520,MSP,3858,E70 E75
58980,US,5265,DCA,3520,ORD,3830,738 M83
59007,US,5265,DEN,3751,LAX,3484,CR7
59008,US,5265,DEN,3751,MIA,3576,738
59009,US,5265,DEN,3751,ORD,3830,CR7
59359,US,5265,IAD,3714,LAX,3484,738
59360,US,5265,IAD,3714,MIA,3576,738
59419,US,5265,JFK,3797,BOS,3448,738
59427,US,5265,JFK,3797,DCA,3520,738
59437,US,5265,JFK,3797,LAS,3877,738
59438,US,5265,JFK,3797,LAX,3484,32B 762
59444,US,5265,JFK,3797,MIA,3576,757 738
59446,US,5265,JFK,3797,ORD,3830,738
59454,US,5265,JFK,3797,SEA,3577,738
59455,US,5265,JFK,3797,SFO,3469,32B 763
59476,US,5265,LAS,3877,DCA,3520,320 319
59478,US,5265,LAS,3877,JFK,3797,738
59479,US,5265,LAS,3877,LAX,3484,738
59480,US,5265,LAS,3877,MIA,3576,738
59481,US,5265,LAS,3877,ORD,3830,M83 738
59490,US,5265,LAX,3484,BOS,3448,757 738
59493,US,5265,LAX,3484,DCA,3520,738
59494,US,5265,LAX,3484,DEN,3751,CR7
59502,US,5265,LAX,3484,IAD,3714,738
59506,US,5265,LAX,3484,JFK,3797,32B 762
59508,US,5265,LAX,3484,LAS,3877,738
59512,US,5265,LAX,3484,MIA,3576,757 777 763 738
59517,US,5265,LAX,3484,ORD,3830,738
59531,US,5265,LAX,3484,SFO,3469,738
59549,US,5265,LGA,3697,BOS,3448,319 E90
59554,US,5265,LGA,3697,DCA,3520,319 E90
59560,US,5265,LGA,3697,MIA,3576,738
59561,US,5265,LGA,3697,ORD,3830,738
59687,US,5265,MIA,3576,BOS,3448,757 738
59704,US,5265,MIA,3576,DCA,3520,738
59705,US,5265,MIA,3576,DEN,3751,738
59721,US,5265,MIA,3576,IAD,3714,738
59725,US,5265,MIA,3576,JFK,3797,763 757 738
59727,US,5265,MIA,3576,LAS,3877,738
59728,US,5265,MIA,3576,LAX,3484,777 763 757
59729,US,5265,MIA,3576,LGA,3697,738
59744,US,5265,MIA,3576,MSP,3858,738
59749,US,5265,MIA,3576,ORD,3830,738 763
59772,US,5265,MIA,3576,SEA,3577,757
59773,US,5265,MIA,3576,SFO,3469,763 757 738
59808,US,5265,MSP,3858,DCA,3520,E75 E70
59810,US,5265,MSP,3858,MIA,3576,738
59811,US,5265,MSP,3858,ORD,3830,E75
59879,US,5265,ORD,3830,BOS,3448,738
59896,US,5265,ORD,3830,DCA,3520,738 M83
59897,US,5265,ORD,3830,DEN,3751,CR7
59921,US,5265,ORD,3830,JFK,3797,738
59922,US,5265,ORD,3830,LAS,3877,738 M83
59923,US,5265,ORD,3830,LAX,3484,738
59925,US,5265,ORD,3830,LGA,3697,738
59937,US,5265,ORD,3830,MIA,3576,738 763
59942,US,5265,ORD,3830,MSP,3858,E75
59966,US,5265,ORD,3830,SEA,3577,738
59967,US,5265,ORD,3830,SFO,3469,738
60343,US,5265,SEA,3577,JFK,3797,738
60344,US,5265,SEA,3577,MIA,3576,757
60345,US,5265,SEA,3577,ORD,3830,738
60354,US,5265,SFO,3469,JFK,3797,763 32B
60355,US,5265,SFO,3469,LAX,3484,738
60356,US,5265,SFO,3469,MIA,3576,757 763 738
60357,US,5265,SFO,3469,ORD,3830,738
61986,VX,5331,BOS,3448,LAX,3484,319 320
61987,VX,5331,BOS,3448,SFO,3469,320
61990,VX,5331,DCA,3520,SFO,3469,320
61997,VX,5331,IAD,3714,LAX,3484,320 319
61998,VX,5331,IAD,3714,SFO,3469,319 320
61999,VX,5331,JFK,3797,LAS,3877,320
62000,VX,5331,JFK,3797,LAX,3484,320
62001,VX,5331,JFK,3797,SFO,3469,320
62002,VX,5331,LAS,3877,JFK,3797,320
62003,VX,5331,LAS,3877,LAX,3484,320
62004,VX,5331,LAS,3877,SFO,3469,320 319
62005,VX,5331,LAX,3484,BOS,3448,320 319
62010,VX,5331,LAX,3484,IAD,3714,320 319
62011,VX,5331,LAX,3484,JFK,3797,320
62012,VX,5331,LAX,3484,LAS,3877,320
62014,VX,5331,LAX,3484,ORD,3830,320
62016,VX,5331,LAX,3484,SEA,3577,319 320
62017,VX,5331,LAX,3484,SFO,3469,320 319
62021,VX,5331,ORD,3830,LAX,3484,320
62022,VX,5331,ORD,3830,SFO,3469,320
62028,VX,5331,SEA,3577,LAX,3484,320 319
62029,VX,5331,SEA,3577,SFO,3469,319 320
62031,VX,5331,SFO,3469,BOS,3448,320
62033,VX,5331,SFO,3469,DCA,3520,320
62037,VX,5331,SFO,3469,IAD,3714,320 319
62038,VX,5331,SFO,3469,JFK,3797,320
62039,VX,5331,SFO,3469,LAS,3877,319 320
62040,VX,5331,SFO,3469,LAX,3484,320 319
62042,VX,5331,SFO,3469,ORD,3830,320
62047,VX,5331,SFO,3469,SEA,3577,320 319
63564,WN,4547,BOS,3448,DEN,3751,73W
63568,WN,4547,BOS,3448,MDW,3747,73W 733
63706,WN,4547,DEN,3751,BOS,3448,73W
63718,WN,4547,DEN,3751,IAD,3714,73W
63721,WN,4547,DEN,3751,LAS,3877,73W 73C 73H 738
63722,WN,4547,DEN,3751,LAX,3484,733 73H 73C 73W
63723,WN,4547,DEN,3751,LGA,3697,73W
63726,WN,4547,DEN,3751,MDW,3747,73W 738
63728,WN,4547,DEN,3751,MSP,3858,73W 73H 733 73C
63743,WN,4547,DEN,3751,SEA,3577,73W 73H
63744,WN,4547,DEN,3751,SFO,3469,73W
63879,WN,4547,IAD,3714,DEN,3751,73W
63880,WN,4547,IAD,3714,MDW,3747,73W 73H
63925,WN,4547,LAS,3877,DEN,3751,73W 73H 73C 733 738
63936,WN,4547,LAS,3877,LAX,3484,73W 73C 733
63942,WN,4547,LAS,3877,MDW,3747,73H 73W 738
63958,WN,4547,LAS,3877,SEA,3577,73W 733 73C 73H
63959,WN,4547,LAS,3877,SFO,3469,733 73W 73H 73C
63973,WN,4547,LAX,3484,DEN,3751,73W 73C 733
63976,WN,4547,LAX,3484,LAS,3877,73W 733 738 73C 73H
63978,WN,4547,LAX,3484,MDW,3747,738 73H 73W
63985,WN,4547,LAX,3484,SFO,3469,73W 73C 733
63997,WN,4547,LGA,3697,DEN,3751,73W
63999,WN,4547,LGA,3697,MDW,3747,73H 73W
64085,WN,4547,MDW,3747,BOS,3448,73W
64092,WN,4547,MDW,3747,DEN,3751,73W 73H
64099,WN,4547,MDW,3747,IAD,3714,73W 73H
64103,WN,4547,MDW,3747,LAS,3877,73W 73H 738
64104,WN,4547,MDW,3747,LAX,3484,73W 73H
64105,WN,4547,MDW,3747,LGA,3697,73W 73H
64111,WN,4547,MDW,3747,MSP,3858,73W 73H
64130,WN,4547,MDW,3747,SEA,3577,73H 73W
64131,WN,4547,MDW,3747,SFO,3469,73W
64168,WN,4547,MSP,3858,DEN,3751,73W 73H 73C
64171,WN,4547,MSP,3858,MDW,3747,73W 73H
64417,WN,4547,SEA,3577,DEN,3751,73W 733 73C
64418,WN,4547,SEA,3577,LAS,3877,733 73H 73W
64419,WN,4547,SEA,3577,MDW,3747,73H 73W
64428,WN,4547,SFO,3469,DEN,3751,73C 73W
64429,WN,4547,SFO,3469,LAS,3877,73W 73C 733 73H
64430,WN,4547,SFO,3469,LAX,3484,733 73W 73C
64431,WN,4547,SFO,3469,MDW,3747,73W
